Model,MSE,Time (s)
LR,0.044194961360267765,0.0
Lasso,0.03281127434016838,0.10934853553771973
Ridge,0.03701379518400945,0.10935020446777344
