Model,MSE,Time (s)
LR,0.00011361759447731158,0.0019948482513427734
Lasso,0.0002624733807120545,0.0009961128234863281
Ridge,0.00011360835856617186,0.0009984970092773438
SVM,0.00011984161924499998,0.05983710289001465
SGD,0.00027509479926772425,0.0019931793212890625
